46,JackieSJackson@armyspy.com,male,Jackie,Jackson,44308,user11
70,AnnEAdamczyk@einrot.com,female,Ann,Adamczyk,10013,user31
71,EthelJHill@teleworm.us,female,Ethel,Hill,97223,user32
19,KendraCConklin@dayrep.com,female,Kendra,Conklin,42003,user33
53,NatalieRClinton@einrot.com,female,Natalie,Clinton,2421,user34
65,RichardSSwanson@gustr.com,male,Richard,Swanson,60061,user35
73,FeliciaCSizemore@einrot.com,female,Felicia,Sizemore,78205,user36
51,JuanitaNMontes@teleworm.us,female,Juanita,Montes,25301,user37
63,KevinSHooks@gustr.com,male,Kevin,Hooks,18201,user38
59,TanishaTMartin@rhyta.com,female,Tanisha,Martin,21863,user39
52,GregBHulme@armyspy.com,male,Greg,Hulme,94566,user12
45,AnnaPBarber@einrot.com,female,Anna,Barber,33030,user13
24,MargaretJHurlbert@fleckens.hu,female,Margaret,Hurlbert,77002,user14
33,RalphAArce@jourrapide.com,male,Ralph,Arce,10011,user15
56,PaulSWilliams@armyspy.com,male,Paul,Williams,48846,user16
58,LuzRMcMillen@teleworm.us,female,Luz,McMillen,32043,user17
60,AlbertaMHouck@superrito.com,female,Alberta,Houck,54639,user18
64,GuadalupeMWeber@gustr.com,female,Guadalupe,Weber,19123,user19
66,TinaAChapman@dayrep.com,female,Tina,Chapman,39211,user20
67,DeloresEStafford@fleckens.hu,female,Delores,Stafford,20707,user21
76,CarlKHunter@armyspy.com,male,Carl,Hunter,89102,user22
62,JeffPFrazier@superrito.com,male,Jeff,Frazier,96706,user23
75,TheresaCPriest@fleckens.hu,female,Theresa,Priest,53703,user24
46,KatieFSandusky@rhyta.com,female,Katie,Sandusky,46225,user25
76,GailELudwig@cuvox.de,female,Gail,Ludwig,39301,user26
68,SusanERuggiero@fleckens.hu,female,Susan,Ruggiero,28206,user27
69,MarkMGabriel@jourrapide.com,male,Mark,Gabriel,28801,user28
64,DeborahJManning@dayrep.com,female,Deborah,Manning,26003,user29
52,GregGWillis@gustr.com,male,Greg,Willis,45858,user30
32,MichelleACortez@gustr.com,female,Michelle,Cortez,85247,user40
30,MontyVGullette@armyspy.com,male,Monty,Gullette,77337,user41
55,JessicaKMurphy@rhyta.com,female,Jessica,Murphy,97401,user42
43,SandraKCasey@rhyta.com,female,Sandra,Casey,11772,user43
36,AnthonyKKirst@superrito.com,male,Anthony,Kirst,19044,user44
29,GeorgeBKennedy@armyspy.com,male,George,Kennedy,58103,user45
79,KevinNEpling@cuvox.de,male,Kevin,Epling,73446,user46
53,MildredFPlanas@armyspy.com,female,Mildred,Planas,28358,user47
36,EmilyHFox@jourrapide.com,female,Emily,Fox,33935,user48
77,VickieHGreen@gustr.com,female,Vickie,Green,65270,user49
51,WalterRHorner@fleckens.hu,male,Walter,Horner,70581,user50
52,EvaCBennett@gustr.com,female,Eva,Bennett,21201,user51
44,MabelJLundeen@dayrep.com,female,Mabel,Lundeen,92357,user52
26,ArnetteRBanks@gustr.com,female,Arnette,Banks,78741,user53
76,ArleneHLee@teleworm.us,female,Arlene,Lee,11782,user54
47,KarenDWong@dayrep.com,female,Karen,Wong,1730,user55
45,AmandaKJames@superrito.com,female,Amanda,James,64801,user56
76,PatriciaRBowman@gustr.com,female,Patricia,Bowman,65065,user57
54,ThomasBBritt@gustr.com,male,Thomas,Britt,72843,user58
53,BeverlyJFriend@jourrapide.com,female,Beverly,Friend,27406,user59
51,CharlesLColton@fleckens.hu,male,Charles,Colton,85712,user60
45,MargaretCBlair@teleworm.us,female,Margaret,Blair,21201,user61
76,KimKSmith@rhyta.com,female,Kim,Smith,17101,user62
32,TiffanyDBooker@jourrapide.com,female,Tiffany,Booker,41042,user63
30,MicahMBeyer@gustr.com,male,Micah,Beyer,45801,user64
55,JavierSGarland@gustr.com,male,Javier,Garland,74873,user65
53,JavierKHarris@einrot.com,male,Javier,Harris,40014,user66
57,GarySCahill@teleworm.us,male,Gary,Cahill,49503,user67
50,GregoryMMcKenney@superrito.com,male,Gregory,McKenney,75702,user68
44,JamesKChavez@gustr.com,male,James,Chavez,2893,user69
59,DanielSBryant@armyspy.com,male,Daniel,Bryant,54301,user70
47,BarbaraWGreen@superrito.com,female,Barbara,Green,21201,user71
31,JoannaJMcGhee@dayrep.com,female,Joanna,McGhee,11612,user72
51,RickyNLaney@rhyta.com,male,Ricky,Laney,48371,user73
46,ElviraAPadilla@rhyta.com,female,Elvira,Padilla,33619,user74
46,MargueriteGHunt@superrito.com,female,Marguerite,Hunt,18503,user75
74,PaulJMullins@gustr.com,male,Paul,Mullins,94539,user76
74,BeverlyFParker@superrito.com,female,Beverly,Parker,48075,user77
36,DeeRJacob@cuvox.de,female,Dee,Jacob,87020,user78
58,MarthaWMcNutt@jourrapide.com,female,Martha,McNutt,70171,user79
67,JoshuaJCook@dayrep.com,male,Joshua,Cook,96818,user80
30,MichaelPPrescott@einrot.com,male,Michael,Prescott,72908,user81
74,MatthewLWatson@armyspy.com,male,Matthew,Watson,29601,user82
49,LoisTMcCall@cuvox.de,female,Lois,McCall,60089,user83
32,ScottKAlvarado@gustr.com,male,Scott,Alvarado,33301,user84
31,AndreaADavis@cuvox.de,female,Andrea,Davis,44305,user85
55,JamesNLaughlin@fleckens.hu,male,James,Laughlin,68782,user86
73,JuliaDEstes@gustr.com,female,Julia,Estes,62220,user87
60,CaroleeJBeavers@rhyta.com,female,Carolee,Beavers,61554,user88
60,CrystalRHepner@superrito.com,female,Crystal,Hepner,80020,user89
79,VincentPVaughan@gustr.com,male,Vincent,Vaughan,99614,user90
40,RonaldRPugh@gustr.com,male,Ronald,Pugh,92392,user91
63,MiguelKMartin@rhyta.com,male,Miguel,Martin,94520,user92
76,LarryAStoltenberg@superrito.com,male,Larry,Stoltenberg,76380,user93
54,HeidiAMcLennan@jourrapide.com,female,Heidi,McLennan,77573,user94
41,ShaneCRibeiro@superrito.com,male,Shane,Ribeiro,30338,user95
69,MarieJMurray@cuvox.de,female,Marie,Murray,10016,user96
27,JuanJEasley@einrot.com,male,Juan,Easley,6511,user97
39,KimberlyWBerry@dayrep.com,female,Kimberly,Berry,36351,user98
26,HelenJStephenson@gustr.com,female,Helen,Stephenson,49503,user99
67,JerryRNobles@cuvox.de,male,Jerry,Nobles,85705,user100
29,JohnDHuffman@dayrep.com,male,John,Huffman,54911,user101
20,BenitaQWilkinson@superrito.com,female,Benita,Wilkinson,36507,user102
69,JerryMWilkerson@rhyta.com,male,Jerry,Wilkerson,29204,user103
62,BarbaraWWilliams@dayrep.com,female,Barbara,Williams,40242,user104
24,BillINelson@armyspy.com,male,Bill,Nelson,33602,user105
59,DannyDWomack@teleworm.us,male,Danny,Womack,54634,user106
31,LaurieFMatthews@fleckens.hu,female,Laurie,Matthews,37933,user107
21,RoseJMichaels@teleworm.us,female,Rose,Michaels,78209,user108
29,MikeJMcCoy@fleckens.hu,male,Mike,McCoy,11423,user109
52,SandraRPayne@einrot.com,female,Sandra,Payne,13039,user11
